{
  "version": 2,
  "name": "journalscope",
  "builds": [
    {
      "src": "package.json",
      "use": "@vercel/static-build",
      "config": {
        "distDir": "dist",
        "buildCommand": "npm run build:vercel"
      }
    }
  ],
  "routes": [
    {
      "src": "/data/(.*)",
      "dest": "/data/$1"
    },
    {
      "src": "/(.*)",
      "dest": "/index.html"
    }
  ],
  "env": {
    "NODE_ENV": "production"
  },
  "build": {
    "env": {
      "NODE_ENV": "production"
    }
  },
  "functions": {
    "src/data/embeddedJournals.js": {
      "maxDuration": 30
    }
  }
}
